,filename,MeanX,MeanY,MeanZ,IntergralX,IntergralY,IntergralZ,MinX,MinY,MinZ,MaxX,MaxY,MaxZ,foot,foot2,direction,footfall_begin,footfall_end,individual,bodymass,SVL,TL,MeanX_rel,MeanY_rel,MeanZ_rel,MeanXY,MeanXY_rel,dirMeanXY_rel
6,hfren11_run_05.avi,-0.007982,0.007503,0.002297,-0.000472,0.000443,0.000136,-0.0183,-0.003086,-0.005581,0.001104,0.017445,0.006347, FL,fore,up,50,65,hfren11,2.75,426,447.1,-0.002902545,0.002728364,0.000835273,-0.000479,-0.000174182,-46.77177461
12,hfren11_run_10.avi,-0.004788,0.007168,0.002272,-0.000325,0.000486,0.000154,-0.015797,-0.006451,-0.009123,0.003684,0.014095,0.006734, FL,fore,up,63,80,hfren11,2.75,426,447.1,-0.001741091,0.002606545,0.000826182,0.00238,0.000865455,-33.74168533
24,hfren11_run_20.avi,-0.006839,0.009931,0.003273,-0.000364,0.000528,0.000174,-0.01192,-0.000896,-0.006047,0.001166,0.022893,0.007193, FL,fore,up,52,65,hfren11,2.75,426,447.1,-0.002486909,0.003611273,0.001190182,0.003092,0.001124364,-34.55330729
28,hfren13_run_03.avi,-0.008458,0.002753,-0.005411,-0.000252,8.20E-05,-0.000161,-0.019919,-0.00168,-0.018205,0.000469,0.006644,-0.000223, FL,fore,down,26,34,hfren13,3.25,419,316.05,-0.002602462,0.000847077,-0.001664923,-0.005705,-0.001755385,-71.97041506
35,hfren13_run_07.avi,-0.00521,0.003707,0.001632,-0.000152,0.000108,4.80E-05,-0.012696,-0.00303,-0.00352,0.001275,0.012917,0.007507, FL,fore,up,42,49,hfren13,3.25,419,316.05,-0.001603077,0.001140615,0.000502154,-0.001503,-0.000462462,-54.56752841
37,hfren13_run_08.avi,-0.007341,0.003683,0.00259,-0.000256,0.000128,9.00E-05,-0.023878,-0.001137,-0.006389,0.001943,0.009292,0.008904, FL,fore,up,32,41,hfren13,3.25,419,316.05,-0.002258769,0.001133231,0.000796923,-0.003658,-0.001125538,-63.35695298
43,hfren13_run_11.avi,-0.011275,7.90E-05,0.001121,-0.000362,3.00E-06,3.60E-05,-0.03791,-0.016545,-0.014863,0.000816,0.008592,0.009801, FL,fore,up,28,36,hfren13,3.25,419,316.05,-0.003469231,2.43E-05,0.000344923,-0.011196,-0.003444923,-89.59855499
45,hfren13_run_12.avi,-0.004502,0.006287,-0.004372,-0.000144,0.000201,-0.000139,-0.017886,-0.003179,-0.017211,0.006463,0.016583,0.002548, FL,fore,down,27,35,hfren13,3.25,419,316.05,-0.001385231,0.001934462,-0.001345231,0.001785,0.000549231,-35.60572398
49,hfren13_run_14.avi,-0.003919,0.008689,0.00277,-0.000119,0.000263,8.40E-05,-0.011121,-0.001007,-0.003858,0.000264,0.022088,0.010032, FL,fore,up,36,44,hfren13,3.25,419,316.05,-0.001205846,0.002673538,0.000852308,0.00477,0.001467692,-24.27680484
51,hfren13_run_15.avi,0.002135,0.010951,-0.006033,7.80E-05,4.00E-04,-0.00022,-0.005225,-0.000658,-0.032356,0.016488,0.04918,0.001652, FL,fore,down,34,43,hfren13,3.25,419,316.05,0.000656923,0.003369538,-0.001856308,0.013086,0.004026462,11.03196603
53,hfren13_run_18.avi,-0.012207,-0.002496,0.003084,-0.000604,-0.000123,0.000153,-0.022898,-0.00647,-0.002593,-0.000607,0.000179,0.00636, FL,fore,up,25,37,hfren13,3.25,419,316.05,-0.003756,-0.000768,0.000948923,-0.014703,-0.004524,78.4438625
56,hfren13_run_20.avi,0.000427,0.004571,-0.002893,1.90E-05,0.000198,-0.000126,-0.004122,-0.000176,-0.012302,0.005339,0.016381,0.00111, FL,fore,down,34,45,hfren13,3.25,419,316.05,0.000131385,0.001406462,-0.000890154,0.004998,0.001537846,5.336798028
58,hfren13_run_22.avi,0.00108,0.021226,0.003426,6.50E-05,0.001266,0.000205,-0.008331,-0.011242,-0.010174,0.00577,0.034801,0.006515, FL,fore,up,71,85,hfren13,3.25,419,316.05,0.000332308,0.006531077,0.001054154,0.022306,0.006863385,2.912754418
60,hfren14_run_01.avi,0.010843,0.012309,-0.004216,0.000234,0.000266,-9.10E-05,-0.017237,-0.006821,-0.048344,0.037417,0.04671,0.007455, FL,fore,down,28,34,hfren14,3.87,463,319.5,0.002801809,0.00318062,-0.001089406,0.023152,0.005982429,41.37683044
70,hfren14_run_06.avi,0.001787,0.004704,-0.003308,6.70E-05,0.000176,-0.000123,-0.007424,-0.003523,-0.022939,0.011037,0.024998,0.003509, FL,fore,down,30,39,hfren14,3.87,463,319.5,0.000461757,0.001215504,-0.00085478,0.006491,0.001677261,20.80125628
72,hfren14_run_08.avi,0.010575,0.016205,-0.00552,0.000403,0.000618,-0.00021,-0.007235,-0.003042,-0.025037,0.024847,0.035222,0.005415, FL,fore,down,38,47,hfren14,3.87,463,319.5,0.002732558,0.004187339,-0.001426357,0.02678,0.006919897,33.12751685
74,hfren14_run_10.avi,-0.009802,0.01345,0.005852,-0.000411,0.000564,0.000245,-0.01983,-0.005671,-0.00607,0.000263,0.033313,0.013278, FL,fore,up,47,58,hfren14,3.87,463,319.5,-0.002532817,0.003475452,0.001512145,0.003648,0.000942636,-36.08356406
79,hfren14_run_13.avi,-9.40E-05,0.00883,-0.008716,-3.00E-06,0.000284,-0.00028,-0.024685,-0.006467,-0.04395,0.031231,0.036368,0.005155, FL,fore,down,33,41,hfren14,3.87,463,319.5,-2.43E-05,0.002281654,-0.002252196,0.008736,0.002257364,-0.609920706
81,hfren14_run_15.avi,0.000308,0.00802,-0.003457,1.20E-05,0.000308,-0.000133,-0.023686,-0.000754,-0.012904,0.017977,0.021285,0.001783, FL,fore,down,44,53,hfren14,3.87,463,319.5,7.96E-05,0.002072351,-0.000893282,0.008328,0.002151938,2.199305742
86,hfren14_run_18.avi,-0.024912,-0.004128,0.004156,-0.001283,-0.000213,0.000214,-0.037326,-0.006725,-0.003691,0.000293,-0.000821,0.007389, FL,fore,up,60,73,hfren14,3.87,463,319.5,-0.006437209,-0.001066667,0.001073902,-0.02904,-0.007503876,80.59139257
88,hfren14_run_19.avi,-0.013118,0.01729,0.008318,-0.000606,0.000799,0.000384,-0.026762,-0.001987,-0.009902,0.002651,0.043688,0.017119, FL,fore,up,41,53,hfren14,3.87,463,319.5,-0.003389664,0.0044677,0.002149354,0.004172,0.001078036,-37.18775253
90,hfren14_run_20.avi,0.000281,0.011047,-0.004793,1.00E-05,0.000388,-0.000168,-0.018294,1.30E-05,-0.01693,0.023398,0.026257,0.004972, FL,fore,down,39,48,hfren14,3.87,463,319.5,7.26E-05,0.002854522,-0.001238501,0.011328,0.002927132,1.457105366
98,hfren16_run_01.avi,0.000754,0.006436,-0.003092,2.90E-05,0.000246,-0.000118,-0.00371,-0.000428,-0.006735,0.004105,0.011928,0.000166, FL,fore,down,36,45,hfren16,3.465,463,516.12,0.000217605,0.001857431,-0.000892352,0.00719,0.002075036,6.681943084
102,hfren16_run_03.avi,-0.012406,0.004369,0.000459,-0.001374,0.000484,5.10E-05,-0.024076,-0.006065,-0.006094,0.000174,0.008138,0.003707, FL,fore,up,30,57,hfren16,3.465,463,516.12,-0.003580375,0.001260895,0.000132468,-0.008037,-0.002319481,-70.59935185
108,hfren16_run_10.avi,-0.006055,0.009897,0.000917,-0.000366,0.000599,5.60E-05,-0.009692,-0.00887,-0.011612,0.000611,0.023267,0.005943, FL,fore,up,64,80,hfren16,3.465,463,516.12,-0.001747475,0.002856277,0.000264646,0.003842,0.001108802,-31.4583597
111,hfren16_run_13.avi,-0.00341,0.016794,0.002487,-0.000232,0.001142,0.000169,-0.013661,-0.001595,-0.006021,0.004469,0.028986,0.006064, FL,fore,up,61,78,hfren16,3.465,463,516.12,-0.000984127,0.004846753,0.000717749,0.013384,0.003862626,-11.47779328
113,hfren16_run_14.avi,0.000736,0.007586,-0.004671,1.90E-05,2.00E-04,-0.000123,-0.0124,-0.001316,-0.022354,0.01801,0.048139,0.001868, FL,fore,down,36,42,hfren16,3.465,463,516.12,0.00021241,0.002189322,-0.001348052,0.008322,0.002401732,5.541539811
115,hfren16_run_15.avi,-0.009794,0.009032,0.001661,-0.000518,0.000478,8.80E-05,-0.021982,-0.004085,-0.012265,0.000607,0.022101,0.007341, FL,fore,up,50,63,hfren16,3.465,463,516.12,-0.002826551,0.002606638,0.000479365,-0.000762,-0.000219913,-47.31783517
117,hfren16_run_17.avi,-0.007083,0.011411,0.002332,-0.000394,0.000636,0.00013,-0.01364,-0.004804,-0.008568,0.000466,0.023449,0.006135, FL,fore,up,51,64,hfren16,3.465,463,516.12,-0.002044156,0.003293218,0.000673016,0.004328,0.001249062,-31.82857146
119,hfren16_run_18.avi,0.013137,0.0087,0.000817,0.000398,0.000264,2.50E-05,-0.00043,-0.001006,-0.0163,0.03146,0.018556,0.006984, FL,fore,down,33,40,hfren16,3.465,463,516.12,0.003791342,0.002510823,0.000235786,0.021837,0.006302165,56.4854167
121,hfren17_run_02.avi,-0.004829,0.012292,0.003005,-0.00024,0.00061,0.000149,-0.012182,-0.00052,-0.002909,0.000313,0.026438,0.006547, FL,fore,up,49,61,hfren17,2.3,364,382.37,-0.002099565,0.005344348,0.001306522,0.007463,0.003244783,-21.44773633
124,hfren17_run_04.avi,0.005143,0.006726,-0.000761,0.000185,0.000242,-2.70E-05,-0.004754,-0.00055,-0.004373,0.021638,0.020863,0.002305, FL,fore,down,32,41,hfren17,2.3,364,382.37,0.002236087,0.002924348,-0.00033087,0.011869,0.005160435,37.40314323
126,hfren17_run_05.avi,-0.001311,0.013889,0.00306,-9.00E-05,0.000954,0.00021,-0.006773,-0.000582,-0.000274,0.003484,0.027613,0.007362, FL,fore,up,93,110,hfren17,2.3,364,382.37,-0.00057,0.006038696,0.001330435,0.012578,0.005468696,-5.39224339
130,hfren17_run_07.avi,0.000277,0.013985,0.002701,1.70E-05,0.00085,0.000164,-0.003941,5.00E-06,-0.00037,0.004381,0.023542,0.004634, FL,fore,up,21,36,hfren17,2.3,364,382.37,0.000120435,0.006080435,0.001174348,0.014262,0.00620087,1.134705466
133,hfren17_run_09.avi,-0.000367,0.014468,0.003985,-2.10E-05,0.000827,0.000228,-0.010983,-0.000818,-0.00111,0.004986,0.029632,0.008574, FL,fore,up,45,59,hfren17,2.3,364,382.37,-0.000159565,0.006290435,0.001732609,0.014101,0.00613087,-1.453071797
135,hfren17_run_10.avi,0.00018,0.010247,0.00191,1.40E-05,0.00079,0.000147,-0.003049,-0.000638,-0.001116,0.003529,0.021177,0.003993, FL,fore,up,43,62,hfren17,2.3,364,382.37,7.83E-05,0.004455217,0.000830435,0.010427,0.004533478,1.00636086
139,hfren17_run_12.avi,-0.009013,0.005518,0.004179,-0.000352,0.000215,0.000163,-0.02243,-0.001229,-0.007193,0.000865,0.014709,0.010513, FL,fore,up,45,55,hfren17,2.3,364,382.37,-0.003918696,0.00239913,0.001816957,-0.003495,-0.001519565,-58.52391556
144,hfren17_run_14.avi,-0.00998,0.00578,0.002299,-0.000379,0.00022,8.80E-05,-0.025923,-0.01238,-0.004428,0.00736,0.014668,0.006948, FL,fore,up,37,46,hfren17,2.3,364,382.37,-0.00433913,0.002513043,0.000999565,-0.0042,-0.001826087,-59.92236571
147,hfren17_run_16.avi,0.003993,0.007431,-0.001569,0.000101,0.000189,-4.00E-05,-0.010869,-0.001269,-0.012664,0.019921,0.021734,0.003405, FL,fore,down,29,35,hfren17,2.3,364,382.37,0.001736087,0.00323087,-0.000682174,0.011424,0.004966957,28.25107496
149,hfren17_run_17.avi,-0.007623,0.008493,0.00301,-0.000347,0.000386,0.000137,-0.014815,-0.002148,-0.0044,0.003158,0.019947,0.006696, FL,fore,up,51,62,hfren17,2.3,364,382.37,-0.003314348,0.003692609,0.001308696,0.00087,0.000378261,-41.90996584
151,hfren17_run_18.avi,-0.006769,0.006597,0.002927,-0.000267,0.000261,0.000116,-0.017565,-0.000516,-0.004171,0.002013,0.017106,0.008421, FL,fore,up,44,54,hfren17,2.3,364,382.37,-0.002943043,0.002868261,0.001272609,-0.000172,-7.48E-05,-45.73726845
153,hfren17_run_19.avi,-0.005993,0.005518,0.003221,-0.000301,0.000277,0.000162,-0.010501,-0.001627,-0.004016,0.001394,0.011435,0.007824, FL,fore,up,54,67,hfren17,2.3,364,382.37,-0.002605652,0.00239913,0.001400435,-0.000475,-0.000206522,-47.3629627
155,hfren17_run_20.avi,-0.003132,0.009305,0.002794,-0.000187,0.000553,0.000166,-0.01267,-0.000607,-0.001714,0.00613,0.015456,0.006124, FL,fore,up,31,46,hfren17,2.3,364,382.37,-0.001361739,0.004045652,0.001214783,0.006173,0.002683913,-18.60288457
157,hfren18_run_01.avi,-0.005751,0.006113,-0.006768,-0.000176,0.000187,-0.000207,-0.028,-0.000826,-0.038122,0.007572,0.044031,0.001917, FL,fore,down,26,34,hfren18,3.53,424,437.12,-0.001629178,0.001731728,-0.00191728,0.000362,0.00010255,-43.25230622
162,hfren18_run_04.avi,-0.000604,0.00836,-0.00587,-1.70E-05,0.000231,-0.000162,-0.008091,-0.000471,-0.021754,0.012486,0.049133,0.000192, FL,fore,down,26,33,hfren18,3.53,424,437.12,-0.000171105,0.002368272,-0.00166289,0.007756,0.002197167,-4.132371341
164,hfren18_run_05.avi,-0.007681,0.012627,0.004351,-0.000375,0.000618,0.000213,-0.017316,-0.003355,-0.007508,-9.80E-05,0.036532,0.013136, FL,fore,up,59,71,hfren18,3.53,424,437.12,-0.002175921,0.003577054,0.001232578,0.004946,0.001401133,-31.31213568
166,hfren18_run_06.avi,-0.001454,0.003972,4.80E-05,-4.20E-05,0.000115,1.00E-06,-0.005139,-0.006147,-0.013024,0.003583,0.011205,0.003492, FL,fore,up,36,43,hfren18,3.53,424,437.12,-0.000411898,0.001125212,1.36E-05,0.002518,0.000713314,-20.1057805
170,hfren18_run_09.avi,-0.005794,0.009418,0.002047,-0.000253,0.000412,9.00E-05,-0.0155,-0.009867,-0.007617,0.004589,0.02749,0.007055, FL,fore,up,50,61,hfren18,3.53,424,437.12,-0.00164136,0.002667989,0.000579887,0.003624,0.001026629,-31.60003417
175,hfren18_run_12.avi,-0.01574,0.006081,0.004418,-0.000623,0.000241,0.000175,-0.031987,-0.002867,-0.003633,-0.000271,0.015372,0.01072, FL,fore,up,44,54,hfren18,3.53,424,437.12,-0.004458924,0.001722663,0.001251558,-0.009659,-0.002736261,-68.87643262
177,hfren18_run_13.avi,0.001616,0.008969,-0.004918,5.80E-05,0.000324,-0.000178,-0.008913,-0.000391,-0.014469,0.014172,0.03319,0.000595, FL,fore,down,37,46,hfren18,3.53,424,437.12,0.00045779,0.002540793,-0.001393201,0.010585,0.002998584,10.21375002
180,hfren18_run_16.avi,-0.003484,0.011372,0.001522,-0.000177,0.000578,7.80E-05,-0.009515,-0.006088,-0.008273,0.004454,0.032342,0.008279, FL,fore,up,47,59,hfren18,3.53,424,437.12,-0.000986969,0.00322153,0.000431161,0.007888,0.002234561,-17.03331048
182,hfren18_run_17.avi,-0.004035,0.013972,0.004882,-0.000244,0.000847,0.000296,-0.007975,-0.003272,-0.004908,0.003576,0.02671,0.010313, FL,fore,up,74,89,hfren18,3.53,424,437.12,-0.001143059,0.003958074,0.001383003,0.009937,0.002815014,-16.10828748
186,hfren18_run_20.avi,-0.010689,0.003716,0.00299,-0.000348,0.000121,9.80E-05,-0.023985,-0.003125,-0.004429,0.006357,0.010707,0.007147, FL,fore,up,35,43,hfren18,3.53,424,437.12,-0.003028045,0.001052691,0.000847025,-0.006973,-0.001975354,-70.83014017
189,hfren18_run_22.avi,-0.005718,0.011097,0.001623,-0.000329,0.000638,9.30E-05,-0.012565,-0.004125,-0.004153,0.000215,0.030159,0.005356, FL,fore,up,46,61,hfren18,3.53,424,437.12,-0.00161983,0.003143626,0.000459773,0.005379,0.001523796,-27.26089219
1, hfren11_run_01.avi,-0.000637,0.004432,-0.00394,-3.20E-05,0.000221,-0.000196,-0.01185,-0.000754,-0.008858,0.006049,0.014705,0.000735, FR,fore,down,35,48,hfren11,2.75,426,447.1,-0.000231636,0.001611636,-0.001432727,0.003795,0.00138,-8.178963277
4,hfren11_run_04.avi,-0.008508,0.006227,-0.005081,-0.000231,0.000169,-0.000138,-0.039644,-0.004674,-0.02378,0.048729,0.045936,0.004473, FR,fore,down,28,35,hfren11,2.75,426,447.1,-0.003093818,0.002264364,-0.001847636,-0.002281,-0.000829455,-53.79962588
8,hfren11_run_06.avi,0.015232,0.01613,0.003249,0.001071,0.001134,0.000228,-0.001476,-0.005237,-0.005553,0.033461,0.044656,0.00739, FR,fore,up,37,54,hfren11,2.75,426,447.1,0.005538909,0.005865455,0.001181455,0.031362,0.011404364,43.35987642
14,hfren11_run_12.avi,0.010431,0.009043,0.002978,0.000669,0.00058,0.000191,-0.000265,-0.003628,-0.009145,0.021324,0.023408,0.007908, FR,fore,up,44,60,hfren11,2.75,426,447.1,0.003793091,0.003288364,0.001082909,0.019474,0.007081455,49.07683498
16,hfren11_run_14.avi,-0.000238,0.003223,-0.001355,-1.00E-05,0.000129,-5.40E-05,-0.006123,0.000111,-0.007648,0.007567,0.005286,0.000317, FR,fore,down,41,51,hfren11,2.75,426,447.1,-8.65E-05,0.001172,-0.000492727,0.002985,0.001085455,-4.223298172
18,hfren11_run_15.avi,0.014777,0.016433,0.003289,0.000866,0.000963,0.000193,-0.000389,-0.001207,-0.00423,0.027186,0.034537,0.007111, FR,fore,up,56,70,hfren11,2.75,426,447.1,0.005373455,0.005975636,0.001196,0.03121,0.011349091,41.9627389
20,hfren11_run_17.avi,0.011198,0.012439,0.003228,0.000655,0.000728,0.000189,-0.000897,-0.000949,-0.004336,0.021388,0.026693,0.00633, FR,fore,down,57,72,hfren11,2.75,426,447.1,0.004072,0.004523273,0.001173818,0.023637,0.008595273,41.99459164
22,hfren11_run_19.avi,0.015339,0.015845,0.003234,0.00087,0.000898,0.000183,-0.000781,-0.000692,-0.003662,0.026882,0.03212,0.007557, FR,fore,up,57,71,hfren11,2.75,426,447.1,0.005577818,0.005761818,0.001176,0.031184,0.011339636,44.0703848
26,hfren13_run_01.avi,0.016787,0.009912,-0.00081,0.000225,0.000133,-1.10E-05,-0.018334,-0.02526,-0.027788,0.045262,0.025622,0.008104, FR,fore,up,39,42,hfren13,3.25,419,316.05,0.005165231,0.003049846,-0.000249231,0.026699,0.008215077,59.43998022
30,hfren13_run_04.avi,0.005627,0.00622,-0.004548,0.000166,0.000184,-0.000134,-0.00068,-0.001654,-0.01297,0.013967,0.018521,0.001192, FR,fore,down,34,41,hfren13,3.25,419,316.05,0.001731385,0.001913846,-0.001399385,0.011847,0.003645231,42.13445902
33,hfren13_run_06.avi,0.007021,0.008131,-0.004175,0.000229,0.000265,-0.000136,-0.00213,7.70E-05,-0.009762,0.013658,0.019951,0.000664, FR,fore,down,32,41,hfren13,3.25,419,316.05,0.002160308,0.002501846,-0.001284615,0.015152,0.004662154,40.81013005
39,hfren13_run_09.avi,0.002057,0.005627,-0.004754,5.90E-05,0.000162,-0.000137,-0.004795,-0.000109,-0.011813,0.012179,0.021759,-5.40E-05, FR,fore,down,36,43,hfren13,3.25,419,316.05,0.000632923,0.001731385,-0.001462769,0.007684,0.002364308,20.08033563
41,hfren13_run_10.avi,0.002318,0.005475,-0.002528,7.90E-05,0.000187,-8.60E-05,-0.005217,-0.001522,-0.008714,0.023275,0.028695,0.001412, FR,fore,down,28,36,hfren13,3.25,419,316.05,0.000713231,0.001684615,-0.000777846,0.007793,0.002397846,22.94677871
47,hfren13_run_13.avi,0.006094,0.008317,-0.004143,0.000196,0.000267,-0.000133,-0.003085,8.80E-05,-0.016854,0.043311,0.026426,-7.00E-06, FR,fore,down,42,50,hfren13,3.25,419,316.05,0.001875077,0.002559077,-0.001274769,0.014411,0.004434154,36.23083446
62,hfren14_run_02.avi,-0.005175,0.007084,-0.003503,-0.000159,0.000218,-0.000108,-0.019482,-0.002171,-0.017884,0.012588,0.033905,0.001766, FR,fore,down,29,37,hfren14,3.87,463,319.5,-0.001337209,0.001830491,-0.000905168,0.001909,0.000493282,-36.14885616
64,hfren14_run_03.avi,0.002714,0.008508,-0.004133,9.00E-05,0.000281,-0.000136,-0.018224,-0.002905,-0.023228,0.035535,0.050404,0.002962, FR,fore,down,26,34,hfren14,3.87,463,319.5,0.000701292,0.00219845,-0.001067959,0.011222,0.002899742,17.69236503
66,hfren14_run_04.avi,0.029915,0.019029,0.007624,0.001116,0.00071,0.000285,-0.001716,-0.005768,-0.007279,0.064631,0.050473,0.01653, FR,fore,up,41,50,hfren14,3.87,463,319.5,0.007729974,0.004917054,0.001970026,0.048944,0.012647028,57.53946697
68,hfren14_run_05.avi,0.035994,0.016468,0.004617,0.001198,0.000548,0.000154,-0.002421,-0.006298,-0.014789,0.080265,0.041542,0.014168, FR,fore,up,35,43,hfren14,3.87,463,319.5,0.009300775,0.004255297,0.001193023,0.052462,0.013556072,65.41492467
76,hfren14_run_11.avi,0.003332,0.009857,-0.007093,9.90E-05,0.000292,-0.00021,-0.004958,-0.000122,-0.030007,0.021788,0.040513,0.000332, FR,fore,down,35,42,hfren14,3.87,463,319.5,0.000860982,0.002547028,-0.001832817,0.013189,0.00340801,18.67699563
78,hfren14_run_12.avi,0.023996,0.023397,0.006107,0.001332,0.001298,0.000339,-0.001358,-0.002169,-0.012967,0.044485,0.051814,0.010904, FR,fore,up,62,76,hfren14,3.87,463,319.5,0.006200517,0.006045736,0.001578036,0.047393,0.012246253,45.72412265
83,hfren14_run_16.avi,0.001903,0.009442,-0.006442,7.10E-05,0.000354,-0.000241,-0.004447,-0.000152,-0.023117,0.013815,0.02139,0.000667, FR,fore,down,36,46,hfren14,3.87,463,319.5,0.000491731,0.002439793,-0.001664599,0.011345,0.002931525,11.39509503
92,hfren14_run_21.avi,-0.001095,0.007684,-0.003449,-3.90E-05,0.000271,-0.000122,-0.010091,-0.001356,-0.022712,0.015628,0.02273,0.004149, FR,fore,down,28,37,hfren14,3.87,463,319.5,-0.000282946,0.00198553,-0.000891214,0.006589,0.001702584,-8.110267072
94,hfren14_run_22.avi,0.021563,0.018357,0.006023,0.001147,0.000976,0.00032,-0.000776,-0.000462,-0.009404,0.047224,0.050954,0.013919, FR,fore,up,49,63,hfren14,3.87,463,319.5,0.005571835,0.004743411,0.001556331,0.03992,0.010315245,49.59160493
100,hfren16_run_02.avi,-0.029126,0.009498,0.004307,-0.000892,0.000289,0.000132,-0.071649,-0.010108,-0.017412,0.026889,0.040217,0.017589, FR,fore,down,20,28,hfren16,3.465,463,516.12,-0.008405772,0.002741126,0.001243001,-0.019628,-0.005664646,-71.93883229
104,hfren16_run_04.avi,0.000855,0.002776,-0.003382,4.10E-05,0.000132,-0.000161,-0.004378,-0.001024,-0.016107,0.008206,0.011361,0.000837, FR,fore,down,50,62,hfren16,3.465,463,516.12,0.000246753,0.000801154,-0.000976046,0.003631,0.001047908,17.11868152
106,hfren16_run_08.avi,0.00076,0.001284,-0.001269,2.60E-05,4.40E-05,-4.40E-05,-0.00442,-0.001128,-0.006765,0.00415,0.006681,0.00058, FR,fore,down,24,33,hfren16,3.465,463,516.12,0.000219336,0.000370563,-0.000366234,0.002044,0.000589899,30.62130308
128,hfren17_run_06.avi,-0.002794,0.003496,-0.001977,-0.000139,0.000174,-9.80E-05,-0.008175,-0.00107,-0.006853,0.001056,0.006793,0.000605, FR,fore,down,60,72,hfren17,2.3,364,382.37,-0.001214783,0.00152,-0.000859565,0.000702,0.000305217,-38.63181618
131,hfren17_run_07.avi,0.01235,0.017032,0.003158,0.00083,0.001144,0.000212,-0.004562,0.001063,-0.002987,0.031512,0.033083,0.007155, FR,fore,up,36,52,hfren17,2.3,364,382.37,0.005369565,0.007405217,0.001373043,0.029382,0.012774783,35.94608068
137,hfren17_run_11.avi,0.000461,0.005071,-0.001844,1.80E-05,0.000198,-7.20E-05,-0.004831,-0.000891,-0.004675,0.00669,0.008806,0.000857, FR,fore,down,44,53,hfren17,2.3,364,382.37,0.000200435,0.002204783,-0.000801739,0.005532,0.002405217,5.194428908
141,hfren17_run_13.avi,0.008726,0.012112,0.003277,0.000387,0.000538,0.000146,-0.001042,-0.001745,-0.002357,0.020397,0.028863,0.007926, FR,fore,up,26,37,hfren17,2.3,364,382.37,0.003793913,0.005266087,0.001424783,0.020838,0.00906,35.77058255
159,hfren18_run_02.avi,0.021063,0.010245,0.003034,0.000929,0.000452,0.000134,-0.003321,-0.008995,-0.004704,0.062867,0.038555,0.014106, FR,fore,up,38,49,hfren18,3.53,424,437.12,0.005966856,0.002902266,0.00085949,0.031308,0.008869122,64.06180666
173,hfren18_run_11.avi,-0.002029,0.007584,-0.004142,-3.80E-05,0.000143,-7.80E-05,-0.02041,-0.001327,-0.025528,0.0124,0.038211,0.002229, FR,fore,down,23,27,hfren18,3.53,424,437.12,-0.000574788,0.002148442,-0.001173371,0.005555,0.001573654,-14.97795859
184,hfren18_run_18.avi,0.013311,0.016834,0.002733,0.000886,0.001121,0.000182,-0.000285,-0.003255,-0.002838,0.024418,0.03031,0.005755, FR,fore,up,81,98,hfren18,3.53,424,437.12,0.003770822,0.004768839,0.000774221,0.030145,0.00853966,38.33416806
3,hfren11_run_03.avi,0.015426,0.019115,0.000864,0.000855,0.001059,4.80E-05,-0.000558,-0.001827,-0.003713,0.026125,0.034059,0.004661, HL,hind,down,65,79,hfren11,2.75,426,447.1,0.005609455,0.006950909,0.000314182,0.034541,0.012560364,38.90388369
7,hfren11_run_05.avi,0.009163,0.017722,-0.002245,0.000568,0.001099,-0.000139,-0.001878,-0.003207,-0.008605,0.018658,0.038384,0.000163, HL,hind,up,65,81,hfren11,2.75,426,447.1,0.003332,0.006444364,-0.000816364,0.026885,0.009776364,27.34081588
9,hfren11_run_06.avi,0.008339,0.016608,-0.002603,6.00E-04,0.001196,-0.000187,-0.000718,-0.001658,-0.00451,0.01777,0.038676,6.60E-05, HL,hind,up,65,83,hfren11,2.75,426,447.1,0.003032364,0.006039273,-0.000946545,0.024947,0.009071636,26.66156666
11,hfren11_run_09.avi,0.00692,0.009625,0.00062,0.000488,0.000678,4.40E-05,-0.005628,-0.00906,-0.001659,0.012798,0.019301,0.004698, HL,hind,down,64,81,hfren11,2.75,426,447.1,0.002516364,0.0035,0.000225455,0.016545,0.006016364,35.71466346
15,hfren11_run_12.avi,0.002262,0.010888,-0.001538,0.000179,0.00086,-0.000122,-0.010424,-0.001652,-0.006355,0.014939,0.025645,0.003001, HL,hind,up,68,87,hfren11,2.75,426,447.1,0.000822545,0.003959273,-0.000559273,0.01315,0.004781818,11.73634376
25,hfren11_run_20.avi,0.013797,0.016682,-0.002009,0.000977,0.001181,-0.000142,-0.001015,-0.001061,-0.004346,0.030165,0.037513,0.001247, HL,hind,up,65,83,hfren11,2.75,426,447.1,0.005017091,0.006066182,-0.000730545,0.030479,0.011083273,39.59275927
29,hfren13_run_03.avi,0.021816,0.034792,0.002069,0.000929,0.001482,8.80E-05,-0.007697,-0.00189,-0.004164,0.064826,0.077187,0.012014, HL,hind,down,34,45,hfren13,3.25,419,316.05,0.006712615,0.010705231,0.000636615,0.056608,0.017417846,32.08938588
32,hfren13_run_05.avi,0.029243,0.034463,0.001843,0.001149,0.001355,7.20E-05,-0.002148,-0.003448,-0.007232,0.074732,0.092358,0.009748, HL,hind,down,49,59,hfren13,3.25,419,316.05,0.008997846,0.010604,0.000567077,0.063706,0.019601846,40.31571117
36,hfren13_run_07.avi,-0.011877,-0.00477,-7.00E-06,-0.000444,-0.000178,0,-0.033199,-0.010775,-0.009103,0.00206,-0.00042,0.002452, HL,hind,up,50,59,hfren13,3.25,419,316.05,-0.003654462,-0.001467692,-2.15E-06,-0.016647,-0.005122154,68.11878796
38,hfren13_run_08.avi,0.001451,0.00482,-0.000369,5.50E-05,0.000184,-1.40E-05,-0.001806,-0.002833,-0.004594,0.003082,0.016491,0.002883, HL,hind,up,41,51,hfren13,3.25,419,316.05,0.000446462,0.001483077,-0.000113538,0.006271,0.001929538,16.7537566
44,hfren13_run_11.avi,5.20E-05,0.003786,-0.002495,2.00E-06,0.000122,-8.00E-05,-0.001379,-0.002906,-0.007806,0.001499,0.00829,-0.000563, HL,hind,up,37,45,hfren13,3.25,419,316.05,1.60E-05,0.001164923,-0.000767692,0.003838,0.001180923,0.786897308
46,hfren13_run_12.avi,0.027947,0.031791,0.003374,0.000944,0.001075,0.000114,0.000468,-0.003281,-0.004829,0.060477,0.072173,0.011813, HL,hind,down,35,43,hfren13,3.25,419,316.05,0.008599077,0.009781846,0.001038154,0.059738,0.018380923,41.31822716
50,hfren13_run_14.avi,0.000796,0.004444,-0.000207,2.80E-05,0.000157,-7.00E-06,-0.002683,-0.001984,-0.005215,0.006712,0.012944,0.002642, HL,hind,up,45,54,hfren13,3.25,419,316.05,0.000244923,0.001367385,-6.37E-05,0.00524,0.001612308,10.15501238
52,hfren13_run_15.avi,0.01727,0.021273,0.001014,0.000807,0.000994,4.70E-05,-0.00153,-0.001579,-0.003223,0.044383,0.051452,0.005726, HL,hind,down,43,54,hfren13,3.25,419,316.05,0.005313846,0.006545538,0.000312,0.038543,0.011859385,39.07063133
54,hfren13_run_18.avi,0.001522,0.009031,-0.001046,8.70E-05,0.000514,-5.90E-05,-0.012316,-0.004692,-0.005121,0.010258,0.023101,0.002736, HL,hind,up,38,52,hfren13,3.25,419,316.05,0.000468308,0.002778769,-0.000321846,0.010553,0.003247077,9.566200778
55,hfren13_run_19.avi,0.008704,0.013241,-0.003171,0.00056,0.000851,-0.000204,-0.002248,-0.005325,-0.00629,0.020569,0.030047,-0.000247, HL,hind,up,47,63,hfren13,3.25,419,316.05,0.002678154,0.004074154,-0.000975692,0.021945,0.006752308,33.31900554
57,hfren13_run_20.avi,0.01415,0.014641,0.000604,0.000729,0.000754,3.10E-05,-0.001068,-0.002995,-0.001487,0.044268,0.045284,0.004084, HL,hind,down,44,57,hfren13,3.25,419,316.05,0.004353846,0.004504923,0.000185846,0.028791,0.008858769,44.0229759
59,hfren13_run_22.avi,0.014669,0.019188,-0.004208,0.000838,0.001097,-0.00024,-0.007408,-0.026859,-0.014282,0.033306,0.048297,-0.001383, HL,hind,up,86,100,hfren13,3.25,419,316.05,0.004513538,0.005904,-0.001294769,0.033857,0.010417538,37.39748653
61,hfren14_run_01.avi,0.035815,0.029873,0.003435,0.001063,0.000887,0.000102,-0.001487,0.000759,-0.007536,0.071049,0.061074,0.010758, HL,hind,down,34,41,hfren14,3.87,463,319.5,0.009254522,0.007719121,0.000887597,0.065688,0.016973643,50.16878969
73,hfren14_run_08.avi,0.022128,0.026575,0.004755,0.000843,0.001013,0.000181,-0.002485,-0.002116,-0.002643,0.041245,0.053507,0.011468, HL,hind,down,47,57,hfren14,3.87,463,319.5,0.005717829,0.006866925,0.001228682,0.048703,0.012584755,39.78287255
75,hfren14_run_10.avi,0.014755,0.021666,-0.006202,0.000728,0.001069,-0.000306,-0.005622,-0.007394,-0.010093,0.040884,0.051827,0.000867, HL,hind,up,58,70,hfren14,3.87,463,319.5,0.003812661,0.00559845,-0.001602584,0.036421,0.009411111,34.25568341
80,hfren14_run_13.avi,0.01834,0.017359,0.003349,0.000649,0.000615,0.000119,-0.003623,-0.002709,-0.008123,0.042826,0.039791,0.011711, HL,hind,down,41,50,hfren14,3.87,463,319.5,0.004739018,0.00448553,0.000865375,0.035699,0.009224548,46.57407821
82,hfren14_run_15.avi,0.018708,0.026532,0.002311,0.000707,0.001003,8.70E-05,-0.001324,-0.000754,-0.001485,0.042536,0.05285,0.007523, HL,hind,down,53,63,hfren14,3.87,463,319.5,0.004834109,0.006855814,0.000597158,0.04524,0.011689922,35.18807743
85,hfren14_run_17.avi,0.014322,0.024169,-0.00679,0.000846,0.001429,-0.000401,-0.006871,-0.009106,-0.010683,0.039319,0.065642,0.00033, HL,hind,up,80,94,hfren14,3.87,463,319.5,0.003700775,0.00624522,-0.001754522,0.038491,0.009945995,30.65001814
87,hfren14_run_18.avi,0.012743,0.019474,-0.003949,0.000793,0.001211,-0.000245,-0.012562,-0.002154,-0.007506,0.029937,0.043466,0.000182, HL,hind,up,72,88,hfren14,3.87,463,319.5,0.003292765,0.005032041,-0.001020413,0.032217,0.008324806,33.19911723
89,hfren14_run_19.avi,0.013341,0.022214,0.002385,0.00074,0.001233,0.000132,-0.001207,-0.001706,-0.003308,0.025806,0.049443,0.008445, HL,hind,up,52,66,hfren14,3.87,463,319.5,0.003447287,0.005740052,0.000616279,0.035555,0.009187339,30.98764668
91,hfren14_run_20.avi,0.031196,0.039102,0.004594,0.00117,0.001466,0.000172,0.000598,-0.000588,-0.001004,0.06553,0.076309,0.0139, HL,hind,down,48,57,hfren14,3.87,463,319.5,0.008060982,0.010103876,0.00118708,0.070298,0.018164858,38.58324554
99,hfren16_run_01.avi,0.016455,0.02106,0.001995,0.000665,0.000851,8.10E-05,-0.000621,-0.002354,-0.003003,0.034197,0.046363,0.006495, HL,hind,down,45,55,hfren16,3.465,463,516.12,0.004748918,0.006077922,0.000575758,0.037515,0.01082684,38.00190001
103,hfren16_run_03.avi,-0.012406,0.004369,0.000459,-0.001374,0.000484,5.10E-05,-0.024076,-0.006065,-0.006094,0.000174,0.008138,0.003707, HL,hind,up,30,57,hfren16,3.465,463,516.12,-0.003580375,0.001260895,0.000132468,-0.008037,-0.002319481,-70.59935185
109,hfren16_run_10.avi,0.0134,0.025197,-0.000348,0.000753,0.001416,-1.90E-05,-0.002468,-0.001906,-0.002722,0.029456,0.052992,0.003428, HL,hind,up,80,94,hfren16,3.465,463,516.12,0.003867244,0.007271861,-0.000100433,0.038597,0.011139105,28.00446259
110,hfren16_run_12.avi,0.006465,0.026094,-0.001998,0.00032,0.001292,-9.90E-05,-0.008874,-0.012809,-0.006993,0.026443,0.056947,0.002603, HL,hind,up,46,59,hfren16,3.465,463,516.12,0.001865801,0.007530736,-0.000576623,0.032559,0.009396537,13.91528468
112,hfren16_run_13.avi,0.004685,0.015253,0.000751,0.000425,0.001382,6.80E-05,-0.006694,-0.035385,-0.015209,0.015792,0.03429,0.009387, HL,hind,up,78,101,hfren16,3.465,463,516.12,0.001352092,0.00440202,0.000216739,0.019938,0.005754113,17.07448091
114,hfren16_run_14.avi,0.032464,0.034072,0.001782,0.001321,0.001387,7.20E-05,-0.002823,-0.007719,-0.010694,0.12997,0.123,0.015689, HL,hind,down,43,53,hfren16,3.465,463,516.12,0.00936912,0.009833189,0.000514286,0.066536,0.019202309,43.6155813
116,hfren16_run_15.avi,0.00846,0.018004,-0.001081,0.000538,0.001145,-6.90E-05,-0.009824,-0.004085,-0.008225,0.031598,0.047954,0.003147, HL,hind,up,62,78,hfren16,3.465,463,516.12,0.002441558,0.00519596,-0.000311977,0.026464,0.007637518,25.16862393
118,hfren16_run_17.avi,0.008621,0.028343,-0.001708,0.000513,0.001687,-0.000102,-0.005361,-0.004049,-0.008267,0.030684,0.065917,0.004548, HL,hind,up,64,79,hfren16,3.465,463,516.12,0.002488023,0.008179798,-0.000492929,0.036964,0.010667821,16.91802056
120,hfren16_run_18.avi,0.024709,0.029925,0.003491,0.001416,0.001715,2.00E-04,-0.001407,-0.008634,-0.003157,0.084507,0.093104,0.014329, HL,hind,down,40,54,hfren16,3.465,463,516.12,0.007131025,0.008636364,0.001007504,0.054634,0.015767388,39.5464049
122,hfren17_run_02.avi,0.020102,0.017871,-0.002347,0.000945,0.00084,-0.00011,-0.002355,-0.000536,-0.005357,0.046042,0.041588,0.000636, HL,hind,up,61,73,hfren17,2.3,364,382.37,0.00874,0.00777,-0.001020435,0.037973,0.01651,48.36239194
123,hfren17_run_03.avi,0.018516,0.020145,0.002452,0.000604,0.000657,8.00E-05,-0.000908,-0.00324,-0.002017,0.048304,0.052471,0.00976, HL,hind,down,33,41,hfren17,2.3,364,382.37,0.008050435,0.008758696,0.001066087,0.038661,0.01680913,42.58724171
125,hfren17_run_04.avi,0.014845,0.013657,0.001644,0.000588,0.000541,6.50E-05,-0.000133,-0.000422,-0.000932,0.024773,0.024224,0.003376, HL,hind,down,40,50,hfren17,2.3,364,382.37,0.006454348,0.005937826,0.000714783,0.028502,0.012392174,47.38678018
127,hfren17_run_05.avi,0.004144,0.00853,0.002899,0.000246,0.000507,0.000172,-0.000356,-0.00038,3.00E-06,0.007774,0.017762,0.006019, HL,hind,up,110,125,hfren17,2.3,364,382.37,0.001801739,0.003708696,0.001260435,0.012674,0.005510435,25.91116622
134,hfren17_run_09.avi,0.005407,0.014232,-0.000192,0.000359,0.000945,-1.30E-05,-0.00827,-2.00E-06,-0.004991,0.018059,0.023932,0.00345, HL,hind,up,58,75,hfren17,2.3,364,382.37,0.00235087,0.006187826,-8.35E-05,0.019639,0.008538696,20.80271018
136,hfren17_run_10.avi,0.01007,0.013045,-0.002019,0.000843,0.001092,-0.000169,-0.000655,-0.001103,-0.005526,0.018915,0.028294,0.000415, HL,hind,up,88,109,hfren17,2.3,364,382.37,0.004378261,0.005671739,-0.000877826,0.023115,0.01005,37.66610404
140,hfren17_run_12.avi,0.015373,0.019215,-0.003913,0.000718,0.000897,-0.000183,-0.000411,-0.001229,-0.009511,0.032932,0.039991,0.000414, HL,hind,up,55,66,hfren17,2.3,364,382.37,0.006683913,0.008354348,-0.001701304,0.034588,0.015038261,38.66162639
143,hfren17_run_13.avi,0.011723,0.014747,-0.002131,0.000626,0.000788,-0.000114,-0.004356,-0.008251,-0.006249,0.031502,0.037948,0.001332, HL,hind,up,46,59,hfren17,2.3,364,382.37,0.005096957,0.006411739,-0.000926522,0.02647,0.011508696,38.48264014
145,hfren17_run_14.avi,0.016435,0.022438,-0.003971,0.000615,0.000839,-0.000148,-0.002171,-0.004594,-0.007524,0.0387,0.054624,0.000499, HL,hind,up,46,55,hfren17,2.3,364,382.37,0.007145652,0.009755652,-0.001726522,0.038873,0.016901304,36.22138872
146,hfren17_run_15.avi,0.012418,0.01284,0.000623,0.000719,0.000744,3.60E-05,-0.000587,-0.002634,-0.004604,0.036536,0.038369,0.00697, HL,hind,down,33,47,hfren17,2.3,364,382.37,0.00539913,0.005582609,0.00027087,0.025258,0.010981739,44.04281536
148,hfren17_run_16.avi,0.021247,0.025248,0.002177,0.000623,0.00074,6.40E-05,-0.001502,-0.001882,-0.002589,0.056598,0.057726,0.009628, HL,hind,down,35,42,hfren17,2.3,364,382.37,0.009237826,0.010977391,0.000946522,0.046495,0.020215217,40.08168462
152,hfren17_run_18.avi,0.010337,0.009943,-0.002766,0.000457,0.000439,-0.000122,-0.00078,-0.000609,-0.007637,0.026735,0.02251,0.000936, HL,hind,up,54,65,hfren17,2.3,364,382.37,0.004494348,0.004323043,-0.001202609,0.02028,0.008817391,46.11300284
154,hfren17_run_19.avi,0.00735,0.012722,1.30E-05,0.000417,0.000721,1.00E-06,-0.00116,-0.000741,-0.00425,0.021347,0.028602,0.003557, HL,hind,up,66,81,hfren17,2.3,364,382.37,0.003195652,0.005531304,5.65E-06,0.020072,0.008726957,30.01671666
156,hfren17_run_20.avi,0.012086,0.015589,-0.003184,0.000617,0.000796,-0.000163,0.000887,0.000841,-0.005605,0.020215,0.030307,0.001085, HL,hind,up,46,59,hfren17,2.3,364,382.37,0.005254783,0.006777826,-0.001384348,0.027675,0.012032609,37.78607327
158,hfren18_run_01.avi,0.020284,0.041139,0.00625,0.000629,0.001275,0.000194,-0.002936,0.000687,-0.002232,0.037195,0.076789,0.018573, HL,hind,down,33,41,hfren18,3.53,424,437.12,0.005746176,0.011654108,0.001770538,0.061423,0.017400283,26.24606801
163,hfren18_run_04.avi,0.025829,0.03525,0.000389,0.000749,0.001022,1.10E-05,-0.001142,0.000727,-0.006096,0.056755,0.069412,0.008307, HL,hind,down,33,40,hfren18,3.53,424,437.12,0.007316997,0.009985836,0.000110198,0.061079,0.017302833,36.23163469
165,hfren18_run_05.avi,0.013621,0.019386,-0.003651,0.000789,0.001123,-0.000211,-0.00282,-0.003218,-0.0065,0.036929,0.045946,-3.90E-05, HL,hind,up,71,85,hfren18,3.53,424,437.12,0.00385864,0.005491785,-0.001034278,0.033007,0.009350425,35.0926617
167,hfren18_run_06.avi,-0.006281,0.003643,0.001205,-0.00035,0.000203,6.70E-05,-0.020665,-0.001825,-0.005413,0.001463,0.00701,0.005983, HL,hind,up,43,57,hfren18,3.53,424,437.12,-0.00177932,0.001032011,0.00034136,-0.002638,-0.000747309,-59.88613033
168,hfren18_run_07.avi,0.028572,0.03217,0.002263,0.000783,0.000882,6.20E-05,-0.000308,-0.004118,-0.006412,0.055297,0.067653,0.012434, HL,hind,down,27,34,hfren18,3.53,424,437.12,0.008094051,0.009113314,0.000641076,0.060742,0.017207365,41.6100949
171,hfren18_run_09.avi,0.007743,0.01563,-0.001223,0.000357,0.000721,-5.60E-05,-0.006777,-0.007452,-0.005374,0.020193,0.034164,0.001339, HL,hind,up,61,72,hfren18,3.53,424,437.12,0.002193484,0.004427762,-0.000346459,0.023373,0.006621246,26.35351476
176,hfren18_run_12.avi,0.00701,0.016228,-0.001558,0.00032,0.00074,-7.10E-05,-0.002041,-0.005451,-0.003942,0.020409,0.03489,0.000548, HL,hind,up,54,66,hfren18,3.53,424,437.12,0.001985836,0.004597167,-0.00044136,0.023238,0.006583003,23.36286866
178,hfren18_run_13.avi,0.016367,0.025502,0.002381,0.000664,0.001035,9.70E-05,-0.000735,-0.00307,-0.000582,0.03001,0.047554,0.005939, HL,hind,down,46,56,hfren18,3.53,424,437.12,0.004636544,0.007224363,0.000674504,0.041869,0.011860907,32.69205543
181,hfren18_run_16.avi,0.013957,0.030055,-0.001359,0.000674,0.001452,-6.50E-05,-0.004503,-0.003449,-0.00956,0.033172,0.068042,0.005557, HL,hind,up,59,71,hfren18,3.53,424,437.12,0.003953824,0.008514164,-0.000384986,0.044012,0.012467989,24.90930551
183,hfren18_run_17.avi,0.007678,0.019592,-0.000771,0.000618,0.001577,-6.20E-05,-0.004693,-0.001513,-0.006146,0.015806,0.039526,0.001726, HL,hind,up,90,110,hfren18,3.53,424,437.12,0.002175071,0.005550142,-0.000218414,0.02727,0.007725212,21.39994716
187,hfren18_run_20.avi,-0.003705,0.009399,4.00E-04,-0.000146,0.000371,1.60E-05,-0.009598,-0.003061,-0.004332,0.000705,0.023122,0.004862, HL,hind,up,43,53,hfren18,3.53,424,437.12,-0.001049575,0.002662606,0.000113314,0.005694,0.001613031,-21.5139062
188,hfren18_run_21.avi,0.00078,0.011538,-0.003066,4.30E-05,0.000643,-0.000171,-0.010386,-0.006148,-0.009596,0.016209,0.029149,0.000868, HL,hind,up,62,76,hfren18,3.53,424,437.12,0.000220963,0.003268555,-0.000868555,0.012318,0.003489518,3.867465191
190,hfren18_run_22.avi,0.00345,0.013138,-0.001786,0.000213,0.000811,-0.00011,-0.004982,-0.002711,-0.0056,0.011535,0.027388,0.001316, HL,hind,up,61,76,hfren18,3.53,424,437.12,0.000977337,0.003721813,-0.000505949,0.016588,0.00469915,14.7135057
2,hfren11_run_02.avi,0.00073,0.00191,-8.00E-04,6.10E-05,0.00016,-6.70E-05,-0.005662,-0.012875,-0.004003,0.008344,0.014557,0.001513, HR,hind,up,112,133,hfren11,2.75,426,447.1,0.000265455,0.000694545,-0.000290909,0.00264,0.00096,20.9168038
5,hfren11_run_04.avi,-0.02368,0.015558,0.002236,-0.000812,0.000534,7.70E-05,-0.043283,-0.002978,-0.006236,0.001495,0.033818,0.007948, HR,hind,down,36,44,hfren11,2.75,426,447.1,-0.008610909,0.005657455,0.000813091,-0.008122,-0.002953455,-56.69468045
10,hfren11_run_07.avi,-0.011738,0.011691,0.001516,-0.000474,0.000472,6.10E-05,-0.021655,-0.002352,-0.002911,0.002048,0.023393,0.005676, HR,hind,down,47,57,hfren11,2.75,426,447.1,-0.004268364,0.004251273,0.000551273,-4.70E-05,-1.71E-05,-45.11493867
13,hfren11_run_11.avi,-0.006152,0.014727,0.001624,-0.000319,0.000764,8.40E-05,-0.013067,-0.001037,-0.001379,0.000381,0.027307,0.004426, HR,hind,down,62,75,hfren11,2.75,426,447.1,-0.002237091,0.005355273,0.000590545,0.008575,0.003118182,-22.67205644
17,hfren11_run_14.avi,-0.007273,0.01671,0.002571,-0.000418,0.000961,0.000148,-0.015083,-0.00178,-0.004289,0.00053,0.032009,0.006793, HR,hind,down,51,65,hfren11,2.75,426,447.1,-0.002644727,0.006076364,0.000934909,0.009437,0.003431636,-23.52100462
19,hfren11_run_15.avi,0.002633,0.012775,0.000791,0.000208,0.00101,6.30E-05,-0.00017,-0.001089,-0.00472,0.006556,0.023511,0.006291, HR,hind,up,70,90,hfren11,2.75,426,447.1,0.000957455,0.004645455,0.000287636,0.015408,0.005602909,11.64590857
21,hfren11_run_18.avi,-0.006107,0.010761,0.000108,-0.00021,0.00037,4.00E-06,-0.011669,0.000388,-0.00372,0.000742,0.018429,0.002767, HR,hind,down,56,65,hfren11,2.75,426,447.1,-0.002220727,0.003913091,3.93E-05,0.004654,0.001692364,-29.57544412
23,hfren11_run_19.avi,0.001837,0.010819,-0.001719,0.000154,0.000905,-0.000144,-0.001252,-0.000567,-0.007294,0.007419,0.027702,0.001855, HR,hind,up,71,92,hfren11,2.75,426,447.1,0.000668,0.003934182,-0.000625091,0.012656,0.004602182,9.636566899
27,hfren13_run_01.avi,0.0204,0.007099,0.001351,0.000492,0.000171,3.30E-05,-0.001907,-0.001218,-0.004656,0.044363,0.016914,0.005716, HR,hind,up,44,50,hfren13,3.25,419,316.05,0.006276923,0.002184308,0.000415692,0.027499,0.008461231,70.81260444
31,hfren13_run_04.avi,-0.008716,0.016966,0.00189,-0.000367,0.000715,8.00E-05,-0.021368,-0.004851,-0.004991,0.001576,0.039465,0.005898, HR,hind,down,41,52,hfren13,3.25,419,316.05,-0.002681846,0.005220308,0.000581538,0.00825,0.002538462,-27.1910775
34,hfren13_run_06.avi,-0.010718,0.023004,0.004965,-0.00045,0.000966,0.000209,-0.023213,-0.001742,-0.003204,0.002141,0.041878,0.010284, HR,hind,down,40,50,hfren13,3.25,419,316.05,-0.003297846,0.007078154,0.001527692,0.012286,0.003780308,-24.98170471
40,hfren13_run_09.avi,-0.017214,0.01859,0.003176,-0.000709,0.000766,0.000131,-0.045247,-0.002173,-0.002104,0.002334,0.044388,0.007919, HR,hind,down,42,52,hfren13,3.25,419,316.05,-0.005296615,0.00572,0.000977231,0.001376,0.000423385,-42.79912265
42,hfren13_run_10.avi,-0.02335,0.018999,0.00361,-0.000876,0.000713,0.000135,-0.056753,-0.004216,-0.004492,0.003081,0.047485,0.00798, HR,hind,down,36,46,hfren13,3.25,419,316.05,-0.007184615,0.005845846,0.001110769,-0.004351,-0.001338769,-50.86607201
48,hfren13_run_13.avi,-0.012548,0.015872,0.002831,-0.000497,0.000629,0.000112,-0.032818,-0.002932,-0.002179,0.002396,0.034087,0.006874, HR,hind,down,50,59,hfren13,3.25,419,316.05,-0.003860923,0.004883692,0.000871077,0.003324,0.001022769,-38.3290008
63,hfren14_run_02.avi,-0.003124,0.019479,-0.00024,-0.000107,0.000668,-8.00E-06,-0.019012,-0.002411,-0.009846,0.004266,0.045062,0.004974, HR,hind,down,36,45,hfren14,3.87,463,319.5,-0.000807235,0.005033333,-6.20E-05,0.016355,0.004226098,-9.111384098
65,hfren14_run_03.avi,-0.000297,0.02051,0.000406,-9.00E-06,0.000652,1.30E-05,-0.011439,-0.002821,-0.00534,0.009814,0.047066,0.008887, HR,hind,down,34,41,hfren14,3.87,463,319.5,-7.67E-05,0.005299742,0.00010491,0.020213,0.005222997,-0.829627364
67,hfren14_run_04.avi,0.007286,0.031684,-0.006351,0.000303,0.001318,-0.000264,-0.001959,-0.005709,-0.008616,0.018437,0.062753,0.000526, HR,hind,up,50,60,hfren14,3.87,463,319.5,0.001882687,0.00818708,-0.001641085,0.03897,0.010069767,12.9504974
69,hfren14_run_05.avi,-0.001112,0.02977,-0.003959,-4.20E-05,0.001134,-0.000151,-0.012381,-0.002288,-0.007384,0.008717,0.06303,-0.000585, HR,hind,up,43,52,hfren14,3.87,463,319.5,-0.000287339,0.007692506,-0.001022997,0.028658,0.007405168,-2.139177017
71,hfren14_run_07.avi,0.002998,0.016342,-0.001701,0.000131,0.000716,-7.40E-05,-0.005159,-0.001351,-0.0043,0.015201,0.032596,0.000576, HR,hind,up,41,52,hfren14,3.87,463,319.5,0.000774677,0.004222739,-0.000439535,0.01934,0.004997416,10.39552867
77,hfren14_run_11.avi,-0.002892,0.029598,0.000991,-0.000104,0.001066,3.60E-05,-0.015805,-0.003292,-0.008577,0.007764,0.066165,0.009846, HR,hind,down,42,51,hfren14,3.87,463,319.5,-0.000747287,0.007648062,0.000256072,0.026706,0.006900775,-5.580616185
84,hfren14_run_16.avi,-0.002798,0.033803,0.001966,-9.80E-05,0.00118,6.90E-05,-0.015071,-0.001334,-0.006099,0.009934,0.057625,0.014145, HR,hind,down,46,54,hfren14,3.87,463,319.5,-0.000722997,0.008734625,0.00050801,0.031005,0.008011628,-4.731797768
93,hfren14_run_21.avi,-0.004771,0.029011,0.003867,-0.000195,0.001184,0.000158,-0.018273,-0.004541,-0.002851,0.003051,0.08137,0.014514, HR,hind,down,36,46,hfren14,3.87,463,319.5,-0.001232817,0.007496382,0.000999225,0.02424,0.006263566,-9.338976139
95,hfren14_run_22.avi,0.000348,0.014172,0.00476,2.00E-05,0.000809,0.000272,-0.002347,0.000179,-0.002374,0.004613,0.033777,0.012162, HR,hind,up,62,76,hfren14,3.87,463,319.5,8.99E-05,0.003662016,0.001229974,0.01452,0.003751938,1.406641631
96,hfren14_run_23.avi,-0.005337,0.022767,-0.004906,-0.000348,0.001484,-0.00032,-0.014852,-0.001893,-0.007965,0.002674,0.052658,-0.000419, HR,hind,up,71,88,hfren14,3.87,463,319.5,-0.00137907,0.005882946,-0.0012677,0.01743,0.004503876,-13.19295899
97,hfren14_run_24.avi,0.003526,0.01777,-0.000723,0.000228,0.001151,-4.70E-05,-0.005739,-0.004476,-0.002864,0.01049,0.038815,0.002884, HR,hind,up,69,85,hfren14,3.87,463,319.5,0.000911111,0.004591731,-0.000186822,0.021296,0.005502842,11.2230982
101,hfren16_run_02.avi,-0.017001,0.036685,0.005433,-0.000521,0.001121,0.000167,-0.04481,0.001596,-0.009501,0.011349,0.065537,0.015169, HR,hind,down,28,36,hfren16,3.465,463,516.12,-0.004906494,0.010587302,0.001567965,0.019684,0.005680808,-24.8645119
105,hfren16_run_04.avi,-0.006643,0.027758,0.002323,-0.000528,0.002207,0.000185,-0.018196,-0.00226,-0.002396,0.001137,0.054722,0.005727, HR,hind,down,64,84,hfren16,3.465,463,516.12,-0.001917172,0.008010967,0.000670418,0.021115,0.006093795,-13.45880141
107,hfren16_run_08.avi,-0.00242,0.019724,0.00315,-9.20E-05,0.000752,0.00012,-0.006959,-0.002496,-0.003848,0.003338,0.044154,0.009126, HR,hind,down,35,45,hfren16,3.465,463,516.12,-0.000698413,0.005692352,0.000909091,0.017304,0.004993939,-6.994841157
129,hfren17_run_06.avi,-0.004655,0.015526,0.002726,-0.000303,0.001012,0.000178,-0.011946,-0.001083,-0.000752,0.000167,0.031451,0.005917, HR,hind,down,72,88,hfren17,2.3,364,382.37,-0.002023913,0.006750435,0.001185217,0.010871,0.004726522,-16.68976406
132,hfren17_run_08.avi,-0.006274,0.020246,0.004024,-0.000223,0.000721,0.000143,-0.015941,-0.001899,-0.003317,0.001633,0.035704,0.008273, HR,hind,down,46,55,hfren17,2.3,364,382.37,-0.002727826,0.008802609,0.001749565,0.013972,0.006074783,-17.217601
138,hfren17_run_11.avi,-0.007434,0.013001,0.001986,-3.00E-04,0.000524,8.00E-05,-0.014445,-0.0012,-0.000933,0.000353,0.026096,0.00524, HR,hind,down,53,63,hfren17,2.3,364,382.37,-0.003232174,0.005652609,0.000863478,0.005567,0.002420435,-29.7610152
142,hfren17_run_13.avi,-0.005869,0.009455,-0.003883,-0.000219,0.000354,-0.000145,-0.015064,-0.003208,-0.012159,0.002455,0.025674,0.000778, HR,hind,up,37,46,hfren17,2.3,364,382.37,-0.002551739,0.00411087,-0.001688261,0.003586,0.00155913,-31.82910585
150,hfren17_run_17.avi,-0.007242,0.009609,-0.003454,-0.000354,0.00047,-0.000169,-0.016596,-0.000133,-0.007138,0.001325,0.018989,0.000423, HR,hind,up,73,86,hfren17,2.3,364,382.37,-0.003148696,0.004177826,-0.001501739,0.002367,0.00102913,-37.00417992
160,hfren18_run_02.avi,0.001971,-0.022949,0.002732,9.90E-05,-0.00115,0.000137,-0.006726,-0.10246,-0.003108,0.009887,0.007309,0.013625, HR,hind,up,46,58,hfren18,3.53,424,437.12,0.000558357,-0.006501133,0.000773938,-0.020978,-0.005942776,-4.908864477
161,hfren18_run_03.avi,-0.016071,0.045555,0.004332,-0.00045,0.001275,0.000121,-0.033146,-0.000759,-0.009646,-0.000478,0.09278,0.015621, HR,hind,down,28,35,hfren18,3.53,424,437.12,-0.004552691,0.012905099,0.001227195,0.029484,0.008352408,-19.4319424
169,hfren18_run_08.avi,-0.010585,0.029968,0.000768,-0.000313,0.000887,2.30E-05,-0.03491,-0.001249,-0.010553,0.005206,0.058035,0.006363, HR,hind,down,28,36,hfren18,3.53,424,437.12,-0.002998584,0.008489518,0.000217564,0.019383,0.005490935,-19.45373463
172,hfren18_run_10.avi,-0.01102,0.024869,0.002112,-0.000278,0.000627,5.30E-05,-0.02491,-0.007055,-0.006906,0.001154,0.060083,0.010839, HR,hind,down,25,31,hfren18,3.53,424,437.12,-0.003121813,0.007045042,0.0005983,0.013849,0.003923229,-23.89918371
174,hfren18_run_11.avi,-0.012219,0.034648,0.007492,-0.000304,0.000863,0.000187,-0.033273,-0.00462,-0.000346,0.000812,0.07422,0.016913, HR,hind,down,29,36,hfren18,3.53,424,437.12,-0.003461473,0.009815297,0.00212238,0.022429,0.006353824,-19.42576127
179,hfren18_run_15.avi,0.000435,0.033413,0.002082,1.20E-05,0.000905,5.60E-05,-0.017538,-0.002632,-0.002461,0.015463,0.069108,0.009414, HR,hind,down,28,35,hfren18,3.53,424,437.12,0.000123229,0.009465439,0.000589802,0.033848,0.009588669,0.745885018
185,hfren18_run_18.avi,0.004288,0.01754,0.000517,0.000339,0.001386,4.10E-05,-0.000812,-0.001305,-0.00556,0.010148,0.031447,0.007038, HR,hind,up,98,118,hfren18,3.53,424,437.12,0.001214731,0.004968839,0.000146459,0.021828,0.006183569,13.73763825
